Product Name,Brand,Category,Base Price (AED),Color Options,Specification Variants & Price Boosts,SEO Short Description
Google Pixel 9 Pro XL (2024),Google,mobile,2900,"Obsidian, Porcelain, Hazel, Rose Quartz",128GB / 16GB RAM (+AED 0); 256GB / 16GB RAM (+AED 300); 512GB / 16GB RAM (+AED 700); 1TB / 16GB RAM (+AED 1200),"Sell your used Google Pixel 9 Pro XL for instant cash in Dubai & UAE. Features Google Tensor G4 processor, 16GB RAM, built-in Gemini Advanced AI, 6.8-inch Super Actua OLED display, and pro-grade 50MP triple camera with 30x Super Res Zoom."
Google Pixel 9 Pro (2024),Google,mobile,2500,"Obsidian, Porcelain, Hazel, Rose Quartz",128GB / 16GB RAM (+AED 0); 256GB / 16GB RAM (+AED 250); 512GB / 16GB RAM (+AED 600),"Get the best trade-in value for Google Pixel 9 Pro in UAE. Powered by Google Tensor G4 with 16GB RAM, compact 6.3-inch Super Actua LTPO display, 50MP triple camera system, and 7 years of Pixel OS & security updates."
Google Pixel 9 (2024),Google,mobile,1900,"Obsidian, Porcelain, Wintergreen, Peony",128GB / 12GB RAM (+AED 0); 256GB / 12GB RAM (+AED 250),"Instant cash for Google Pixel 9 in Dubai. Packed with Tensor G4 chip, 12GB RAM, 6.3-inch 120Hz Actua OLED screen, upgraded 50MP main + 48MP ultrawide cameras, and advanced Gemini AI photography features."
Google Pixel 9 Pro Fold (2024),Google,mobile,3800,"Obsidian, Porcelain",256GB / 16GB RAM (+AED 0); 512GB / 16GB RAM (+AED 500),"Sell your Google Pixel 9 Pro Fold online in UAE. Ultra-thin foldable smartphone featuring a huge 8.0-inch Super Actua Flex inner display, 6.3-inch cover screen, Tensor G4, 16GB RAM, and IPX8 water resistance."
Google Pixel 8a (2024),Google,mobile,1200,"Obsidian, Porcelain, Bay, Aloe",128GB / 8GB RAM (+AED 0); 256GB / 8GB RAM (+AED 180),"Trade in Google Pixel 8a for cash in Abu Dhabi & Dubai. Powered by Google Tensor G3, 6.1-inch 120Hz Actua OLED screen, 64MP dual rear cameras with Best Take & Magic Eraser, and 7 years of security support."
Google Pixel 8 Pro (2023),Google,mobile,1800,"Obsidian, Porcelain, Bay, Mint",128GB / 12GB RAM (+AED 0); 256GB / 12GB RAM (+AED 200); 512GB / 12GB RAM (+AED 450),"Sell Google Pixel 8 Pro with free doorstep pickup in Dubai. Features Tensor G3 chip, 6.7-inch Super Actua LTPO display, built-in Temperature Sensor, Audio Magic Eraser, and pro-level 50MP camera with 5x optical zoom."
Google Pixel 8 (2023),Google,mobile,1350,"Obsidian, Hazel, Rose, Mint",128GB / 8GB RAM (+AED 0); 256GB / 8GB RAM (+AED 180),"Get instant buyback quote for Google Pixel 8 in UAE. Compact flagship with Google Tensor G3, 6.2-inch 120Hz Actua display, 50MP camera with Macro Focus, and 4575mAh fast-charging battery."
Google Pixel Fold (2023),Google,mobile,2400,"Obsidian, Porcelain",256GB / 12GB RAM (+AED 0); 512GB / 12GB RAM (+AED 400),"Sell your Google Pixel Fold in Dubai. Google's first foldable phone with a 7.6-inch OLED inner display, Tensor G2 processor, 12GB RAM, multi-tasking Split Screen, and triple rear camera setup."
Google Pixel 7a (2023),Google,mobile,850,"Charcoal, Snow, Sea, Coral",128GB / 8GB RAM (+AED 0),"Resale price valuation for Google Pixel 7a in UAE. Equipped with Tensor G2, 6.1-inch 90Hz OLED display, wireless charging support, 64MP dual camera system, and Titan M2 security coprocessor."
Google Pixel 7 Pro (2022),Google,mobile,1200,"Obsidian, Snow, Hazel",128GB / 12GB RAM (+AED 0); 256GB / 12GB RAM (+AED 150); 512GB / 12GB RAM (+AED 350),"Sell used Google Pixel 7 Pro for top cash in Dubai. Premium phone with 6.7-inch QHD+ 120Hz LTPO display, Tensor G2 chip, 50MP triple camera with 30x Super Res Zoom, and Macro Focus."
Google Pixel 7 (2022),Google,mobile,950,"Obsidian, Snow, Lemongrass",128GB / 8GB RAM (+AED 0); 256GB / 8GB RAM (+AED 150),"Instant sell offer for Google Pixel 7 in UAE. Sleek matte aluminum enclosure, 6.3-inch 90Hz OLED screen, Tensor G2 chip, Real Tone photography, and Cinematic Blur video mode."
Google Pixel 6 Pro (2021),Google,mobile,800,"Stormy Black, Cloudy White, Sorta Sunny",128GB / 12GB RAM (+AED 0); 256GB / 12GB RAM (+AED 120),"Sell Google Pixel 6 Pro in UAE. Powered by the first-gen Google Tensor chip, 6.7-inch QHD+ 120Hz LTPO display, 50MP main + 48MP telephoto camera, and 5003mAh long-lasting battery."
Google Pixel 6 (2021),Google,mobile,650,"Stormy Black, Sorta Seafoam, Kinda Coral",128GB / 8GB RAM (+AED 0); 256GB / 8GB RAM (+AED 100),"Trade in Google Pixel 6 for instant cash in Dubai. Features custom Google Tensor SoC, dual-tone Gorilla Glass Victus design, 6.4-inch 90Hz OLED screen, and Magic Eraser."
OnePlus 12 (2024),OnePlus,mobile,2300,"Silky Black, Flowy Emerald",256GB / 12GB RAM (+AED 0); 512GB / 16GB RAM (+AED 350); 1TB / 16GB RAM (+AED 700),"Sell your used OnePlus 12 for instant cash in Dubai & UAE. Powered by Qualcomm Snapdragon 8 Gen 3, 4th Gen Hasselblad Camera for Mobile, 6.82-inch 2K 120Hz ProXDR display, 5400mAh battery, and 100W SUPERVOOC charging."
OnePlus 12R (2024),OnePlus,mobile,1450,"Cool Blue, Iron Gray",128GB / 8GB RAM (+AED 0); 256GB / 16GB RAM (+AED 250),"Get best trade-in value for OnePlus 12R in UAE. Performance flagship featuring Snapdragon 8 Gen 2, 6.78-inch 1.5K 120Hz LTPO 4.0 AMOLED screen, massive 5500mAh battery, and 100W fast charging."
OnePlus Open (2023),OnePlus,mobile,3600,"Voyager Black, Emerald Dusk",512GB / 16GB RAM (+AED 0),"Sell your OnePlus Open foldable smartphone for top cash in Dubai. Features Snapdragon 8 Gen 2, 7.82-inch 2K 120Hz Flexi-fluid inner display, Hasselblad Triple Main Camera system, and lightweight titanium alloy hinge."
OnePlus 11 5G (2023),OnePlus,mobile,1500,"Titan Black, Eternal Green",128GB / 8GB RAM (+AED 0); 256GB / 16GB RAM (+AED 250),"Instant sell quote for OnePlus 11 5G in UAE. Powered by Snapdragon 8 Gen 2, 3rd Gen Hasselblad Camera, 6.7-inch 2K 120Hz Super Fluid AMOLED, Cryo-velocity cooling, and 100W SUPERVOOC."
OnePlus 11R 5G (2023),OnePlus,mobile,1100,"Sonic Black, Galactic Silver",128GB / 8GB RAM (+AED 0); 256GB / 16GB RAM (+AED 200),"Sell OnePlus 11R 5G for cash in Abu Dhabi & Dubai. Packed with Snapdragon 8+ Gen 1 processor, 6.74-inch 120Hz Super Fluid AMOLED, 50MP Sony IMX890 main camera with OIS, and 100W fast charging."
OnePlus 10 Pro 5G (2022),OnePlus,mobile,1150,"Volcanic Black, Emerald Forest",128GB / 8GB RAM (+AED 0); 256GB / 12GB RAM (+AED 200),"Trade in OnePlus 10 Pro 5G for instant cash in Dubai. Premium smartphone with Snapdragon 8 Gen 1, 2nd Gen Hasselblad Camera, 6.7-inch QHD+ 120Hz Fluid AMOLED LTPO, and 80W SUPERVOOC."
OnePlus 10T 5G (2022),OnePlus,mobile,1000,"Moonstone Black, Jade Green",128GB / 8GB RAM (+AED 0); 256GB / 16GB RAM (+AED 200),"Sell OnePlus 10T 5G in UAE with free pickup. Extreme speed flagship with Snapdragon 8+ Gen 1, 150W SUPERVOOC charging (1-100% in 19 mins), 6.7-inch 120Hz Fluid AMOLED display, and 3D Cooling System."
OnePlus 9 Pro 5G (2021),OnePlus,mobile,850,"Morning Mist, Stellar Black, Pine Green",128GB / 8GB RAM (+AED 0); 256GB / 12GB RAM (+AED 150),"Resale cash value for OnePlus 9 Pro 5G in Dubai. Features Hasselblad Camera for Mobile, Snapdragon 888 5G, 6.7-inch QHD+ 120Hz Smart LTPO Fluid Display 2.0, and 65T Warp Charge."
OnePlus 9 5G (2021),OnePlus,mobile,700,"Astral Black, Winter Mist, Arctic Sky",128GB / 8GB RAM (+AED 0); 256GB / 12GB RAM (+AED 120),"Sell OnePlus 9 5G online in UAE. Co-developed with Hasselblad, powered by Snapdragon 888, 6.55-inch 120Hz Fluid AMOLED screen, 50MP Ultra-Wide lens, and 65W Warp Charge."
OnePlus Nord 4 (2024),OnePlus,mobile,1150,"Obsidian Midnight, Oasis Green, Mercurial Silver",256GB / 8GB RAM (+AED 0); 256GB / 12GB RAM (+AED 120); 512GB / 16GB RAM (+AED 280),"Sell OnePlus Nord 4 in Dubai. Sleek metal unibody design, Snapdragon 7+ Gen 3, 6.74-inch 1.5K 120Hz AMOLED, 5500mAh battery with 100W SUPERVOOC, and AI Productivity Tools."
OnePlus Nord CE 4 (2024),OnePlus,mobile,800,"Dark Chrome, Celadon Marble",128GB / 8GB RAM (+AED 0); 256GB / 8GB RAM (+AED 120),"Instant buyback valuation for OnePlus Nord CE 4 in UAE. Equipped with Snapdragon 7 Gen 3, 6.7-inch 120Hz FHD+ AMOLED display, 50MP Sony LYT-600 main camera with OIS, and 100W SUPERVOOC."
OnePlus Nord 3 5G (2023),OnePlus,mobile,750,"Misty Green, Tempest Gray",128GB / 8GB RAM (+AED 0); 256GB / 16GB RAM (+AED 150),"Trade in OnePlus Nord 3 5G for instant cash in UAE. Features MediaTek Dimensity 9000 flagship chip, 6.74-inch 120Hz Super Fluid AMOLED, 50MP Sony IMX890 camera, and 80W SUPERVOOC."
